,0: V-1: Lowest Volatility,1: V-2: Medium Volatility,2: V-3: High Volatility
0: V-1: Lowest Volatility,0.9170988335418946,0.07887660819051964,0.004024558267585741
1: V-2: Medium Volatility,0.07221103021724741,0.9036978618261561,0.02409110795659659
2: V-3: High Volatility,2.334988578798834e-11,0.31512903208861703,0.6848709678880331
